{"cameraMode":{"drawMode":0,"name":"Shaded","section":"Shading Mode"},"sceneLighting":true,"audioPlay":false,"sceneViewState":{"m_AlwaysRefresh":false,"showFog":true,"showSkybox":true,"showFlares":true,"showImageEffects":true,"showParticleSystems":true,"showVisualEffectGraphs":true,"m_FxEnabled":true},"in2DMode":false,"pivot":{"x":-1.6071207523345948,"y":0.5173701643943787,"z":-3.8742809295654299},"rotation":{"x":-0.13932865858078004,"y":-0.33808907866477969,"z":0.05068574845790863,"w":-0.9293649196624756},"size":2.658083915710449,"orthographic":false}