{"cameraMode":{"drawMode":0,"name":"Shaded","section":"Shading Mode"},"sceneLighting":true,"audioPlay":false,"sceneViewState":{"m_AlwaysRefresh":false,"showFog":true,"showSkybox":true,"showFlares":true,"showImageEffects":true,"showParticleSystems":true,"showVisualEffectGraphs":true,"m_FxEnabled":true},"in2DMode":false,"pivot":{"x":-0.41664254665374758,"y":1.733978509902954,"z":-0.23650431632995606},"rotation":{"x":-0.031184528023004533,"y":0.9496919512748718,"z":-0.1003829762339592,"w":-0.29502248764038088},"size":1.477144718170166,"orthographic":false}