{"cameraMode":{"drawMode":0,"name":"Shaded","section":"Shading Mode"},"sceneLighting":true,"audioPlay":false,"sceneViewState":{"m_AlwaysRefresh":false,"showFog":true,"showSkybox":true,"showFlares":true,"showImageEffects":true,"showParticleSystems":true,"showVisualEffectGraphs":true,"m_FxEnabled":true},"in2DMode":false,"pivot":{"x":456.6554870605469,"y":295.8999938964844,"z":-4.972999572753906},"rotation":{"x":0.0020501508843153717,"y":-0.997561514377594,"z":0.061427485197782519,"w":0.0332552008330822},"size":0.8660253882408142,"orthographic":false}