{"cameraMode":{"drawMode":0,"name":"Shaded","section":"Shading Mode"},"sceneLighting":true,"audioPlay":false,"sceneViewState":{"m_AlwaysRefresh":false,"showFog":true,"showSkybox":true,"showFlares":true,"showImageEffects":true,"showParticleSystems":true,"showVisualEffectGraphs":true,"m_FxEnabled":true},"in2DMode":false,"pivot":{"x":-3.7723617553710939,"y":1.8877352476119996,"z":0.1112518310546875},"rotation":{"x":0.0020501508843153717,"y":-0.997561514377594,"z":0.061427485197782519,"w":0.0332552008330822},"size":1.24991774559021,"orthographic":false}