{"cameraMode":{"drawMode":0,"name":"Shaded","section":"Shading Mode"},"sceneLighting":true,"audioPlay":false,"sceneViewState":{"m_AlwaysRefresh":false,"showFog":true,"showSkybox":true,"showFlares":true,"showImageEffects":true,"showParticleSystems":true,"showVisualEffectGraphs":true,"m_FxEnabled":true},"in2DMode":false,"pivot":{"x":-0.9621024131774902,"y":2.106117010116577,"z":-13.110749244689942},"rotation":{"x":0.04646701738238335,"y":0.7081044912338257,"z":-0.046802882105112079,"w":0.7030222415924072},"size":0.8660253882408142,"orthographic":false}