{"cameraMode":{"drawMode":0,"name":"Shaded","section":"Shading Mode"},"sceneLighting":true,"audioPlay":false,"sceneViewState":{"m_AlwaysRefresh":false,"showFog":true,"showSkybox":true,"showFlares":true,"showImageEffects":true,"showParticleSystems":true,"showVisualEffectGraphs":true,"m_FxEnabled":true},"in2DMode":false,"pivot":{"x":-7.559685707092285,"y":2.0697379112243654,"z":-22.662643432617189},"rotation":{"x":0.009558957070112229,"y":0.8921743035316467,"z":-0.019046204164624215,"w":0.4512900710105896},"size":1.9600214958190919,"orthographic":false}