{"cameraMode":{"drawMode":0,"name":"Shaded","section":"Shading Mode"},"sceneLighting":true,"audioPlay":false,"sceneViewState":{"m_AlwaysRefresh":false,"showFog":true,"showSkybox":true,"showFlares":true,"showImageEffects":true,"showParticleSystems":true,"showVisualEffectGraphs":true,"m_FxEnabled":true},"in2DMode":false,"pivot":{"x":2.0310001373291017,"y":1.9790000915527344,"z":-14.402999877929688},"rotation":{"x":-0.05084902420639992,"y":0.8744440674781799,"z":-0.09370668232440949,"w":-0.4733923077583313},"size":0.8660253882408142,"orthographic":false}